<?xml version="1.0" encoding="UTF-8"?>
<beans xmlns="http://www.springframework.org/schema/beans"
       xmlns:xsi="http://www.w3.org/2001/XMLSchema-instance"
       xmlns:aop="http://www.springframework.org/schema/aop"
       xmlns:context="http://www.springframework.org/schema/context"
       xmlns:tx="http://www.springframework.org/schema/tx"
       xsi:schemaLocation="http://www.springframework.org/schema/beans http://www.springframework.org/schema/beans/spring-beans-3.0.xsd
                           http://www.springframework.org/schema/tx http://www.springframework.org/schema/tx/spring-tx-3.0.xsd
                           http://www.springframework.org/schema/aop http://www.springframework.org/schema/aop/spring-aop-3.0.xsd
                           http://www.springframework.org/schema/context http://www.springframework.org/schema/context/spring-context-3.0.xsd">

<!-- 
<?xml version="1.0" encoding="UTF-8"?>
<beans xmlns="http://www.springframework.org/schema/beans"
xmlns:context="http://www.springframework.org/schema/context"
xmlns:xsd="http://www.springframework.org/schema/context http://www.springframework.org/schema/context/spring-context-3.0.xsd"
xmlns:xsi="http://www.w3.org/2001/XMLSchema-instance" xmlns:aop="http://www.springframework.org/schema/aop"
xsi:schemaLocation="http://www.springframework.org/schema/beans http://www.springframework.org/schema/beans/spring-beans-3.0.xsd">
	  -->  					   
<!-- 
<bean id="triangle" class="Triangle">
<property name="pointA" ref="zeroPoint"/>   Dependency Injection Spring provides
<property name="pointB" ref="point2"/>
<property name="pointC" ref="point3"/>
</bean>
 -->


<!-- If you dont want to change name, want to keep same name from the class, & with multiple beans then how to autowired

 -->
 <bean id="zeroPoint" class="Point">
   <!-- <bean id="center" class="Point"> -->
   <qualifier value="circleRelated"/>
<property name="x" value="0" />
<property name="y" value="0" />
</bean>

 <bean id="point2" class="Point">   
<property name="x" value="-20" />
<property name="y" value="0" />
</bean>

<bean id="point3" class="Point">  
<property name="x" value="20" />
<property name="y" value="0" />
</bean>

<bean id="circle" class="Circle">
<!-- <property name="center" ref="zeroPoint"/> --> <!-- NullPointerException -->
</bean>
<!-- 
<bean class="org.springframework.beans.factory.annotation.RequiredAnnotationBeanPostProcessor"/>

<bean class="org.springframework.beans.factory.annotation.AutowiredAnnotationBeanPostProcessor"/>
-->


<!-- Short cut to Define all bean post processor annotations -->
<context:annotation-config/>
</beans>
