<?xml version="1.0" encoding="UTF-8"?>
<beans xmlns="http://www.springframework.org/schema/beans"
       xmlns:xsi="http://www.w3.org/2001/XMLSchema-instance"
       xmlns:aop="http://www.springframework.org/schema/aop"
       xmlns:context="http://www.springframework.org/schema/context"
       xmlns:tx="http://www.springframework.org/schema/tx"
       xsi:schemaLocation="http://www.springframework.org/schema/beans http://www.springframework.org/schema/beans/spring-beans-3.0.xsd
                           http://www.springframework.org/schema/tx http://www.springframework.org/schema/tx/spring-tx-3.0.xsd
                           http://www.springframework.org/schema/aop http://www.springframework.org/schema/aop/spring-aop-3.0.xsd
                           http://www.springframework.org/schema/context http://www.springframework.org/schema/context/spring-context-3.0.xsd">
	   								   

<bean id="employee" class="Employee">
<!-- <property name="addressB" ref="myaddress2"/> -->
</bean>

<bean id="addressABC" class="Address">
<!-- <qualifier value="addressRelated"/> -->
<property name="city" value="Pune"/>
</bean>
 <bean id="myaddress2" class="Address">
<property name="city" value="Aurangabad"/>
</bean>


<context:annotation-config/><!-- complete list of namespace list is required  -->

</beans>  